unit	risk_gate	self_approval_refused	load_exit	load_s	validate_exit	v1	v2	v3
account	R3	yes	0	10.96	0	passed	passed	passed
account_heading	none	n/a	0	2.68	0	passed	passed	passed
account_link	none	n/a	0	2.68	0	passed	passed	passed
acc_trans	R3	yes	0	11.17	0	passed	passed	passed
transactions	R3	yes	0	11.03	0	passed	passed	passed
gl	none	n/a	0	2.68	0	passed	passed	passed
ar	none	n/a	0	2.73	0	passed	passed	passed
ap	none	n/a	0	2.72	0	passed	passed	passed
payment	none	n/a	0	2.71	0	passed	passed	passed
open_item	none	n/a	0	2.67	0	passed	passed	passed
trans_type	none	n/a	0	2.69	0	passed	passed	passed
currency	none	n/a	0	2.69	0	passed	passed	passed
parts	R3	yes	0	10.84	0	passed	passed	passed
partsgroup	none	n/a	0	2.69	0	passed	passed	passed
partstax	none	n/a	0	2.75	0	passed	passed	passed
invoice	none	n/a	0	2.76	0	passed	passed	passed
oe	none	n/a	0	2.75	0	passed	passed	passed
oe_class	none	n/a	0	2.66	0	passed	passed	passed
orderitems	none	n/a	0	2.76	0	passed	passed	passed
inventory_report	none	n/a	0	2.66	0	passed	passed	passed
inventory_report_line	none	n/a	0	2.68	0	passed	passed	passed
warehouse	none	n/a	0	2.69	0	passed	passed	passed
entity	R3	yes	0	10.84	0	passed	passed	passed
company	none	n/a	0	2.71	0	passed	passed	passed
entity_class	none	n/a	0	2.71	0	passed	passed	passed
entity_credit_account	R3	yes	0	10.87	0	passed	passed	passed
business	none	n/a	0	2.85	0	passed	passed	passed
country	R3	yes	0	10.85	0	passed	passed	passed
location	R3	yes	0	10.82	0	passed	passed	passed
eca_to_location	none	n/a	0	2.89	0	passed	passed	passed
