stage	file	tolerated	result	first_error
base	sql/Pg-database.sql	no	ok	
seed	locale/initial-data.xml	no	ok	
change	sql/changes/1.4/location-fixes.sql	yes	ok	
change	sql/changes/1.4/batch-fixes.sql	yes	ok	
change	sql/changes/1.4/eca-update.sql	no	ok	
change	sql/changes/1.4/person-fixes.sql	yes	ok	
change	sql/changes/1.4/ar-constraint1.sql	yes	ok	
change	sql/changes/1.4/ap-constraint1.sql	yes	ok	
change	sql/changes/1.4/invoice-fixes.sql	yes	ok	
change	sql/changes/1.4/ar-fixes2.sql	yes	ok	
change	sql/changes/1.4/ar-fixes3.sql	yes	ok	
change	sql/changes/1.4/chart-view.sql	no	ok	
change	sql/changes/1.4/account-heading-fix.sql	yes	ok	
change	sql/changes/1.4/locale-update.sql	no	ok	
change	sql/changes/1.4/inventory-fix.sql	yes	ok	
change	sql/changes/1.4/inventory-fix2.sql	yes	ok	
change	sql/changes/1.4/bu-fix.sql	yes	ok	
change	sql/changes/1.4/account-translations.sql	yes	ok	
change	sql/changes/1.4/drop-je-functions.sql	no	ok	
change	sql/changes/1.4/templatetrans.sql	yes	ok	
change	sql/changes/1.4/business_unit_class_id_seq-fix.sql	no	ok	
change	sql/changes/1.5/invoice-tbl-cogs-constraint.sql	yes	ok	
change	sql/changes/1.5/trial_balance_cleanup.sql	yes	ok	
change	sql/changes/1.5/templates-last-modified.sql	no	ok	
change	sql/changes/1.5/parts_fkeys.sql	no	ok	
change	sql/changes/1.5/open_forms_callers.sql	yes	ok	
change	sql/changes/1.5/robot_entity.sql	no	ok	
change	sql/changes/1.5/cleanup_invoice_id.sql	no	ok	
change	sql/changes/1.5/invoice_id_fkey.sql	no	ok	
change	sql/changes/1.5/add_qty_to_pricematrix.sql	no	ok	
change	sql/changes/1.5/issue-2380-modify-tax_extended_entry_id-constraint.sql	no	ok	
change	sql/changes/1.5/issue-2278-modify-acc_trans-index.sql	no	ok	
change	sql/changes/1.5/fixed-assets-depreciation-sproc.sql	no	ok	
change	sql/changes/1.5/fixed-assets-not-null-constraints.sql	no	ok	
change	sql/changes/1.5/abstract_tables.sql	no	ok	
change	sql/changes/1.6/drop_chart.sql	no	ok	
change	sql/changes/1.6/drop_arap_cols.sql	yes	ok	
change	sql/changes/1.6/drop_arap_cols.sql	no	skipped-duplicate	
change	sql/changes/1.6/audittrail-pg-user.sql	no	ok	
change	sql/changes/1.6/gl-trans-type.sql	no	ok	
change	sql/changes/1.6/gl-trans-type2.sql	no	ok	
change	sql/changes/1.6/no-inv-entity-cleanup.sql	no	ok	
change	sql/changes/1.6/no-inv-entity-tables.sql	no	ok	
change	sql/changes/1.6/no-inv-entity-end-entity.sql	no	ok	
change	sql/changes/1.6/no-inv-entity-remove-entity.sql	yes	ok	
change	sql/changes/1.6/drop-entity-duplicate_constraint.sql	no	ok	
change	sql/changes/1.6/fix-entity-primary-key.sql	no	ok	
change	sql/changes/1.6/add-eca-business-foreign-key.sql	no	ok	
change	sql/changes/1.6/add_empty_salutation.sql	no	ok	
change	sql/changes/1.6/missing-countries.sql	no	ok	
change	sql/changes/1.6/constrain_default_password_duration.sql	no	ok	
change	sql/changes/1.6/add-recon-index.sql	no	ok	
change	sql/changes/1.6/track-deleted-transactions.sql	no	ok	
change	sql/changes/1.6/more-indices.sql	no	ok	
change	sql/changes/mc/create-migration-validation-data.sql	no	ok	
change	sql/changes/mc/new-tables.sql	no	ok	
change	sql/changes/mc/new-columns.sql	no	ok	
change	sql/changes/mc/changed-objects.sql	no	ok	
change	sql/changes/mc/drop-constraints.sql	no	ok	
change	sql/changes/mc/currency-migration.sql	no	ok	
change	sql/changes/mc/aa-migration.sql	no	ok	
change	sql/changes/mc/gl-add-curr-for-migration.sql	no	ok	
change	sql/changes/mc/acc-trans-migration.sql	no	ok	
change	sql/changes/mc/gl-del-curr-for-migration.sql	no	ok	
change	sql/changes/mc/acc-checkpoint-migration.sql	no	ok	
change	sql/changes/mc/journal-migration.sql	no	ok	
change	sql/changes/mc/budget-migration.sql	no	ok	
change	sql/changes/mc/migrate-new-constraints.sql	no	ok	
change	sql/changes/mc/new-constraints.sql	no	ok	
change	sql/changes/mc/dropped-objects.sql	no	ok	
change	sql/changes/mc/views.sql	no	ok	
change	sql/changes/mc/delete-migration-validation-data.sql	no	ok	
change	sql/changes/1.7/drop-custom-catalog.sql	no	ok	
change	sql/changes/1.7/alter-menu-attributes.sql	no	ok	
change	sql/changes/1.7/drop-duplicate-gifi-index.sql	no	ok	
change	sql/changes/1.7/drop-max_ac_id.sql	no	ok	
change	sql/changes/1.7/limit_summary_account_links.sql	no	ok	
change	sql/changes/1.7/to-location-pkeys-optimization.sql	no	ok	
change	sql/changes/1.7/create-trans_id-index.sql	no	ok	
change	sql/changes/1.7/fix-oe-person_id-fkey.sql	no	ok	
change	sql/changes/1.7/new_shipto-fkey.sql	no	ok	
change	sql/changes/1.8/add-transdate-to-transactions.sql	no	ok	
change	sql/changes/1.8/update-payment-tables-documentation.sql	no	ok	
change	sql/changes/1.8/simplify-menu.sql	no	ok	
change	sql/changes/1.8/remove-fixes-table.sql	no	ok	
change	sql/changes/1.8/remove-custom-field-sprocs.sql	no	ok	
change	sql/changes/1.8/remove-unused-sprocs.sql	no	ok	
change	sql/changes/1.8/remove-unused-groups-admin.sql	no	ok	
change	sql/changes/1.8/initialize-payments-from-vouchers.sql	no	ok	
change	sql/changes/1.8/payments-reversing.sql	no	ok	
change	sql/changes/1.8/drop-payment_map.sql	no	ok	
change	sql/changes/1.8/explicit-reconciliation.sql	no	ok	
change	sql/changes/1.8/constrain-default-exchange-rates.sql	no	ok	
change	sql/changes/1.8/constrain-exchangerate-type.sql	no	ok	
change	sql/changes/1.8/drop_queue_payments_setting.sql	no	ok	
change	sql/changes/1.8/drop_poll_frequency_setting.sql	no	ok	
change	sql/changes/1.8/constrain-transaction-tables.sql	no	ok	
change	sql/changes/1.8/constrain-transactions-table-name.sql	no	ok	
change	sql/changes/1.8/fix-reporting-units-pks.sql	no	ok	
change	sql/changes/1.8/reconciliation-links-cascade.sql	no	ok	
change	sql/changes/1.8/initialize-payments-from-invoices.sql	no	ok	
change	sql/changes/1.8/add-payment-links-indices.sql	no	ok	
change	sql/changes/1.8/notify-import-financial-report-templates.sql	no	ok	
change	sql/changes/1.9/templates-last-modified-no-tz.sql	no	ok	
change	sql/changes/1.9/drop-view-tx_report.sql	no	ok	
change	sql/changes/1.9/company-strict-sic.sql	no	ok	
change	sql/changes/1.9/workflow-schema.sql	no	ok	
change	sql/changes/1.9/workflow-email-table.sql	no	ok	
change	sql/changes/1.9/workflow-extend-tables.sql	no	ok	
change	sql/changes/1.9/relaxed-transdate-nullity.sql	no	ok	
change	sql/changes/1.9/transpose_user_prefs.sql	no	ok	
change	sql/changes/1.9/file-reconciliation.sql	no	ok	
change	sql/changes/1.9/add-vclimit.sql	no	ok	
change	sql/changes/1.9/workflow-email-expansion.sql	no	ok	
change	sql/changes/1.9/fix-template-images-typo.sql	no	ok	
change	sql/changes/1.10/old-defaults-cleanup.sql	no	ok	
change	sql/changes/1.10/workflow-context.sql	no	ok	
change	sql/changes/1.10/aggregates-cleanup.sql	no	ok	
change	sql/changes/1.10/change-data-capture.sql	no	ok	
change	sql/changes/1.10/pricegroup-config.sql	no	ok	
change	sql/changes/1.10/warehouse-config.sql	no	ok	
change	sql/changes/1.10/language-config.sql	no	ok	
change	sql/changes/1.10/sic-config.sql	no	ok	
change	sql/changes/1.10/business-type-config.sql	no	ok	
change	sql/changes/1.10/gifi-config.sql	no	ok	
change	sql/changes/1.10/reconciliation-columns-cleanup.sql	no	ok	
change	sql/changes/1.10/unique-transaction-reconciliation.sql	no	ok	
change	sql/changes/1.10/missing-fkeys.sql	no	ok	
change	sql/changes/1.10/file-tranaction-cascade-delete.sql	no	ok	
change	sql/changes/1.10/fix-arap-approval-state.sql	no	ok	
change	sql/changes/1.10/migration-batch-class.sql	no	ok	
change	sql/changes/1.11/country-config.sql	no	ok	
change	sql/changes/1.11/workflow-user.sql	no	ok	
change	sql/changes/1.11/enable-barcode-on-invoices.sql	no	ok	
change	sql/changes/1.11/reversed-transactions.sql	no	ok	
change	sql/changes/1.11/negative-assets-liablilities-reclass.sql	no	ok	
change	sql/changes/1.11/ar-ap-role-naming-consistency.sql	no	ok	
change	sql/changes/1.11/aa-column-cleanup.sql	no	ok	
change	sql/changes/1.11/gl-workflows.sql	no	ok	
change	sql/changes/1.11/workflow-for-aa-transactions.sql	no	ok	
change	sql/changes/1.11/fix-assembly-cogs.sql	no	ok	
change	sql/changes/1.11/trigger-invoice-allocated-delete.sql	no	ok	
change	sql/changes/1.11/cogs-allocation.sql	no	ok	
change	sql/changes/1.12/migrate_to_identity.sql	no	ok	
change	sql/changes/1.12/add-stored-order-quote-taxes.sql	no	ok	
change	sql/changes/1.12/drop-entity-class-entity-trigger.sql	no	ok	
change	sql/changes/1.12/reconciliation-workflow.sql	no	ok	
change	sql/changes/1.12/rm-new_shipto.sql	no	ok	
change	sql/changes/1.12/mv-location-temporality.sql	no	ok	
change	sql/changes/1.12/shipto_attn.sql	no	ok	
change	sql/changes/1.12/reconciliation-workflow-context.sql	no	ok	
change	sql/changes/1.13/rm-status.sql	no	ok	
change	sql/changes/1.13/fk-actions-for-is_used-functions.sql	no	ok	
change	sql/changes/1.13/drop-inheritance-notes-translations.sql	no	ok	
change	sql/changes/1.13/missing-fkeys.sql	no	ok	
change	sql/changes/1.13/add-user-login.sql	no	ok	
change	sql/changes/1.13/constrain-language-code.sql	no	ok	
change	sql/changes/1.13/drop-function-menu_insert.sql	no	ok	
change	sql/changes/1.13/partsgroup-config.sql	no	ok	
change	sql/changes/1.13/old-migration-schemas-cleanup.sql	no	ok	
change	sql/changes/1.13/custom-attributes.sql	no	ok	
change	sql/changes/1.14/fix-1.8-payments-migration.sql	no	ok	
change	sql/changes/1.14/payments-split-multi-cash-account.sql	no	ok	
change	sql/changes/1.14/drop-function-arglist-changes-cleanup.sql	no	ok	
change	sql/changes/1.14/rename-ar-ap-modules.sql	no	ok	
change	sql/changes/1.14/non-gl-transactions.sql	no	ok	
change	sql/changes/1.14/centralized-transdate.sql	no	ok	
change	sql/changes/1.14/mv-gl_person_id.sql	no	ok	
change	sql/changes/1.14/inventory_report-report_date.sql	no	ok	
change	sql/changes/1.14/drop-lot_tracking_number.sql	no	ok	
change	sql/changes/1.14/open-item-tracking.sql	no	ok	
change	sql/changes/1.14/transaction-batches.sql	no	ok	
change	sql/changes/1.14/overpayments-as-open-items.sql	no	ok	
change	sql/changes/1.14/payments-first-order.sql	no	ok	
change	sql/changes/1.14/drop-vouchers.sql	no	ok	
change	sql/changes/1.14/parts_id-fkey-corrections.sql	no	ok	
change	sql/changes/1.14/drop-function-array_endswith.sql	no	ok	
module	sql/modules/aggregates.sql	no	ok	
module	sql/modules/triggers.sql	no	ok	
module	sql/modules/views.sql	no	ok	
module	sql/modules/old.sql	no	ok	
module	sql/modules/Settings.sql	no	ok	
module	sql/modules/Preferences.sql	no	ok	
module	sql/modules/Util.sql	no	ok	
module	sql/modules/App_Module.sql	no	ok	
module	sql/modules/Menu.sql	no	ok	
module	sql/modules/Currency.sql	no	ok	
module	sql/modules/Entity.sql	no	ok	
module	sql/modules/Drafts.sql	no	ok	
module	sql/modules/Account.sql	no	ok	
module	sql/modules/Session.sql	no	ok	
module	sql/modules/Robot.sql	no	ok	
module	sql/modules/Business_type.sql	no	ok	
module	sql/modules/Business_Unit.sql	no	ok	
module	sql/modules/Location.sql	no	ok	
module	sql/modules/Company.sql	no	ok	
module	sql/modules/Customer.sql	no	ok	
module	sql/modules/Date.sql	no	ok	
module	sql/modules/Employee.sql	no	ok	
module	sql/modules/Payment.sql	no	ok	
module	sql/modules/Overpayment.sql	no	ok	
module	sql/modules/Person.sql	no	ok	
module	sql/modules/FinStatements.sql	no	ok	
module	sql/modules/trial_balance.sql	no	ok	
module	sql/modules/Report.sql	no	ok	
module	sql/modules/Batch.sql	no	ok	
module	sql/modules/admin.sql	no	ok	
module	sql/modules/Reconciliation.sql	no	ok	
module	sql/modules/TaxForm.sql	no	ok	
module	sql/modules/1099_reports.sql	no	ok	
module	sql/modules/EndOfYear.sql	no	ok	
module	sql/modules/Assets.sql	no	ok	
module	sql/modules/Files.sql	no	ok	
module	sql/modules/Parts.sql	no	ok	
module	sql/modules/COGS.sql	no	ok	
module	sql/modules/Budgetting.sql	no	ok	
module	sql/modules/Inventory.sql	no	ok	
module	sql/modules/Payroll.sql	no	ok	
module	sql/modules/Transaction_Templates.sql	no	ok	
module	sql/modules/OrderEntry.sql	no	ok	
module	sql/modules/Goods.sql	no	ok	
module	sql/modules/Roles.sql	no	ok	
module	sql/modules/Templates.sql	no	ok	
module	sql/modules/Timecards.sql	no	ok	
module	sql/modules/PriceMatrix.sql	no	ok	
module	sql/modules/arap.sql	no	ok	
module	sql/modules/Configuration.sql	no	ok	
module	sql/modules/Backup.sql	no	ok	
module	sql/modules/Duplicates_Functions.sql	no	ok	
